{"_type":"export","__export_format":4,"__export_date":"2024-12-07T03:50:12.110Z","__export_source":"insomnia.desktop.app:v9.3.3","resources":[{"_id":"req_b2ac9daa5a8d42cbaa3a68591878ef89","parentId":"fld_4734633c4e794dc59f8d87fac38064a4","modified":1733338467689,"created":1723851669674,"url":"http://localhost/compras/usuario/desativar","name":"API_Desativar","description":"","method":"DELETE","body":{"mimeType":"application/json","text":"{\n\t\"usuario\":\"\",\n\t\"usuarioLogin\":\"\"\n}"},"parameters":[],"headers":[{"name":"Content-Type","value":"application/json"},{"name":"User-Agent","value":"insomnia/9.3.3"}],"authentication":{},"metaSortKey":-1723851669674,"isPrivate":false,"settingStoreCookies":true,"settingSendCookies":true,"settingDisableRenderRequestBody":false,"settingEncodeUrl":true,"settingRebuildPath":true,"settingFollowRedirects":"global","_type":"request"},{"_id":"fld_4734633c4e794dc59f8d87fac38064a4","parentId":"fld_62972993f6e94064bbcdff2794edbcdf","modified":1727741929257,"created":1723682251497,"name":"Usuario","description":"","environment":{},"environmentPropertyOrder":null,"metaSortKey":-1727741917645,"_type":"request_group"},{"_id":"fld_62972993f6e94064bbcdff2794edbcdf","parentId":"wrk_scratchpad","modified":1727741921308,"created":1723419973138,"name":"Compras","description":"","environment":{},"environmentPropertyOrder":null,"metaSortKey":-1723419973138,"_type":"request_group"},{"_id":"wrk_scratchpad","parentId":null,"modified":1718637501745,"created":1718637501745,"name":"Scratch Pad","description":"","scope":"collection","_type":"workspace"},{"_id":"req_c8d5b229afe441f985f539cb8eeeef92","parentId":"fld_4734633c4e794dc59f8d87fac38064a4","modified":1733338462044,"created":1723851527134,"url":"http://localhost/compras/usuario/alterar","name":"API_Alterar","description":"","method":"PATCH","body":{"mimeType":"application/json","text":"{\n\t\"usuario\":\"\",\n\t\"senha\":\"\",\n\t\"nome\":\"\",\n\t\"tipo_usuario\":\"\",\n\t\"usuarioLogin\":\"\"\n}"},"parameters":[],"headers":[{"name":"Content-Type","value":"application/json"},{"name":"User-Agent","value":"insomnia/9.3.3"}],"authentication":{},"metaSortKey":-1723851527134,"isPrivate":false,"settingStoreCookies":true,"settingSendCookies":true,"settingDisableRenderRequestBody":false,"settingEncodeUrl":true,"settingRebuildPath":true,"settingFollowRedirects":"global","_type":"request"},{"_id":"req_49436846aac64ab6b2b68bf0bfdf07d7","parentId":"fld_4734633c4e794dc59f8d87fac38064a4","modified":1733343185218,"created":1723420018800,"url":"http://localhost/compras/usuario/logar","name":"API_Login","description":"","method":"GET","body":{"mimeType":"application/json","text":"{\n\t\"usuario\":\"\",\n\t\"senha\":\"\"\n}"},"parameters":[],"headers":[{"name":"Content-Type","value":"application/json"},{"name":"User-Agent","value":"insomnia/9.3.3"}],"authentication":{},"metaSortKey":-1723851474786.5,"isPrivate":false,"settingStoreCookies":true,"settingSendCookies":true,"settingDisableRenderRequestBody":false,"settingEncodeUrl":true,"settingRebuildPath":true,"settingFollowRedirects":"global","_type":"request"},{"_id":"req_620c22bad93a4a6e8dcb40ec1ff385ea","parentId":"fld_4734633c4e794dc59f8d87fac38064a4","modified":1733338451641,"created":1723851422439,"url":"http://localhost/compras/usuario/consultar","name":"API_Consultar","description":"","method":"GET","body":{"mimeType":"application/json","text":"{\n\t\"usuario\":\"\",\n\t\"nome\":\"\",\n\t\"tipo_usuario\":\"\"\n}"},"parameters":[],"headers":[{"name":"Content-Type","value":"application/json"},{"name":"User-Agent","value":"insomnia/9.3.3"}],"authentication":{},"metaSortKey":-1723851422439,"isPrivate":false,"settingStoreCookies":true,"settingSendCookies":true,"settingDisableRenderRequestBody":false,"settingEncodeUrl":true,"settingRebuildPath":true,"settingFollowRedirects":"global","_type":"request"},{"_id":"req_e6247d30e66049c9b1fb5358709ccd21","parentId":"fld_4734633c4e794dc59f8d87fac38064a4","modified":1733543273510,"created":1723682262290,"url":"http://localhost/compras/usuario/inserir","name":"API_Inserir","description":"","method":"POST","body":{"mimeType":"application/json","text":"{\n\t\"usuario\":\"\",\n\t\"senha\":\"\",\n\t\"nome\":\"\",\n\t\"tipo_usuario\":\"\",\n\t\"usuarioLogin\":\"\"\n}"},"parameters":[],"headers":[{"name":"Content-Type","value":"application/json","id":"pair_047a6a023098444c958a6d617ae58410"},{"name":"User-Agent","value":"insomnia/9.3.3","id":"pair_0f4c7a34c7524c41a368d8d3a59dd27a"}],"authentication":{},"metaSortKey":-1723682262290,"isPrivate":false,"settingStoreCookies":true,"settingSendCookies":true,"settingDisableRenderRequestBody":false,"settingEncodeUrl":true,"settingRebuildPath":true,"settingFollowRedirects":"global","_type":"request"},{"_id":"req_d83f005d83b84d81ae67619572350207","parentId":"fld_e3d042fdec1640b6b08deae27e8d1170","modified":1733543266807,"created":1733338724429,"url":"http://localhost/compras/produto/desativar","name":"API_Desativar","description":"","method":"DELETE","body":{"mimeType":"application/json","text":"{\n  \"codigo\":\"\",\n  \"usuarioLogin\":\"\"\n}"},"parameters":[],"headers":[{"name":"Content-Type","value":"application/json","id":"pair_7597a6f673a14e58ac6d515400eeb285","type":"text","multiline":false,"disabled":false},{"name":"User-Agent","value":"insomnia/9.3.3","id":"pair_ebe547b52db14043a12aa87110b0e62c"}],"authentication":{},"metaSortKey":-1733338724429,"isPrivate":false,"pathParameters":[],"settingStoreCookies":true,"settingSendCookies":true,"settingDisableRenderRequestBody":false,"settingEncodeUrl":true,"settingRebuildPath":true,"settingFollowRedirects":"global","_type":"request"},{"_id":"fld_e3d042fdec1640b6b08deae27e8d1170","parentId":"fld_62972993f6e94064bbcdff2794edbcdf","modified":1733338715156,"created":1733337376475,"name":"Produto","description":"","environment":{},"environmentPropertyOrder":null,"metaSortKey":-1727741917595,"_type":"request_group"},{"_id":"req_6918d0cb06f44d6db49184c9d74a6f14","parentId":"fld_e3d042fdec1640b6b08deae27e8d1170","modified":1733543262666,"created":1733338720316,"url":"http://localhost/compras/produto/alterar","name":"API_Alterar","description":"","method":"PATCH","body":{"mimeType":"application/json","text":"{\n  \"codigo\":\"\",\n  \"descricao\":\"\",\n  \"estoqueMinimo\":\"\",\n  \"estoqueMaximo\":\"\",\n  \"usuarioLogin\":\"\"\n}"},"parameters":[],"headers":[{"name":"Content-Type","value":"application/json"},{"name":"User-Agent","value":"insomnia/9.3.3","id":"pair_5e9a33ad6d0e4251ab3b566929bbafdb"}],"authentication":{},"metaSortKey":-1733338720316,"isPrivate":false,"pathParameters":[],"settingStoreCookies":true,"settingSendCookies":true,"settingDisableRenderRequestBody":false,"settingEncodeUrl":true,"settingRebuildPath":true,"settingFollowRedirects":"global","_type":"request"},{"_id":"req_f190ee90b3164694b1dd01d2956622ac","parentId":"fld_e3d042fdec1640b6b08deae27e8d1170","modified":1733519344463,"created":1733338374956,"url":"http://localhost/compras/produto/consultar","name":"API_Consultar","description":"","method":"GET","body":{"mimeType":"application/json","text":"{\n\t\"codigo\":\"\",\n  \"descricao\":\"\",\n  \"estoqueMinimo\":\"\",\n\t\"estoqueMaximo\":\"\"\n}"},"parameters":[],"headers":[{"name":"Content-Type","value":"application/json","id":"pair_a6165a0d8d274716a91dbb2f0b09074d"},{"name":"User-Agent","value":"insomnia/9.3.3","id":"pair_41f03f9480e14e90958d32c88d606b70"}],"authentication":{},"metaSortKey":-1733338374957,"isPrivate":false,"pathParameters":[],"settingStoreCookies":true,"settingSendCookies":true,"settingDisableRenderRequestBody":false,"settingEncodeUrl":true,"settingRebuildPath":true,"settingFollowRedirects":"global","_type":"request"},{"_id":"req_0ed87e69b1c243908aaa17c889b19005","parentId":"fld_e3d042fdec1640b6b08deae27e8d1170","modified":1733543253577,"created":1733337548502,"url":"http://localhost/compras/produto/inserir","name":"API_Inserir","description":"","method":"POST","body":{"mimeType":"application/json","text":"{\n  \"descricao\":\"\",\n\t\"unidadeMedida\":\"\",\n  \"estoqueMinimo\":\"\",\n  \"estoqueMaximo\":\"\",\n  \"usuarioLogin\":\"\"\n}"},"parameters":[],"headers":[{"name":"Content-Type","value":"application/json"},{"name":"User-Agent","value":"insomnia/9.3.3","id":"pair_ac51cfa851984e5a984ce13e29e86fde"}],"authentication":{},"metaSortKey":-1733337548502,"isPrivate":false,"pathParameters":[],"settingStoreCookies":true,"settingSendCookies":true,"settingDisableRenderRequestBody":false,"settingEncodeUrl":true,"settingRebuildPath":true,"settingFollowRedirects":"global","_type":"request"},{"_id":"req_06c6deeb80e74aeabebe307632c09541","parentId":"fld_e290e1dab89149d49b573027e5b43537","modified":1727822449936,"created":1727743543329,"url":"http://localhost/compras/unidmedida/desativar","name":"API_Desativar","description":"","method":"DELETE","body":{"mimeType":"application/json","text":"{\n\t\"codigo\":\"\",\n\t\"usuarioLogin\":\"\"\n}"},"parameters":[],"headers":[{"name":"Content-Type","value":"application/json"},{"name":"User-Agent","value":"insomnia/10.0.0"}],"authentication":{},"metaSortKey":-1727743543329,"isPrivate":false,"settingStoreCookies":true,"settingSendCookies":true,"settingDisableRenderRequestBody":false,"settingEncodeUrl":true,"settingRebuildPath":true,"settingFollowRedirects":"global","_type":"request"},{"_id":"fld_e290e1dab89149d49b573027e5b43537","parentId":"fld_62972993f6e94064bbcdff2794edbcdf","modified":1727741917545,"created":1727741917545,"name":"Unidade_Medida","description":"","environment":{},"environmentPropertyOrder":null,"metaSortKey":-1727741917545,"_type":"request_group"},{"_id":"req_ad5d93b224db42d8910f877b8d933d18","parentId":"fld_e290e1dab89149d49b573027e5b43537","modified":1733543243939,"created":1727743375501,"url":"http://localhost/compras/unidmedida/alterar","name":"API_Alterar","description":"","method":"PATCH","body":{"mimeType":"application/json","text":"{\n\t\"codigo\":\"\",\n\t\"sigla\":\"\",\n\t\"descricao\":\"\",\n\t\"usuarioLogin\":\"\"\n}"},"parameters":[],"headers":[{"name":"Content-Type","value":"application/json"},{"name":"User-Agent","value":"insomnia/10.0.0"}],"authentication":{},"metaSortKey":-1727743375501,"isPrivate":false,"settingStoreCookies":true,"settingSendCookies":true,"settingDisableRenderRequestBody":false,"settingEncodeUrl":true,"settingRebuildPath":true,"settingFollowRedirects":"global","_type":"request"},{"_id":"req_be73cb1cfe5145998ec5ec934a38e61a","parentId":"fld_e290e1dab89149d49b573027e5b43537","modified":1727822459549,"created":1727743245531,"url":"http://localhost/compras/unidmedida/consultar","name":"API_Consultar","description":"","method":"GET","body":{"mimeType":"application/json","text":"{\n\t\"codigo\":\"\",\n\t\"sigla\":\"\",\n\t\"descricao\":\"\"\n}"},"parameters":[],"headers":[{"name":"Content-Type","value":"application/json"},{"name":"User-Agent","value":"insomnia/10.0.0"}],"authentication":{},"metaSortKey":-1727743245531,"isPrivate":false,"settingStoreCookies":true,"settingSendCookies":true,"settingDisableRenderRequestBody":false,"settingEncodeUrl":true,"settingRebuildPath":true,"settingFollowRedirects":"global","_type":"request"},{"_id":"req_14f6770e4972404eb5188d8487bf68b6","parentId":"fld_e290e1dab89149d49b573027e5b43537","modified":1733543234672,"created":1727741945991,"url":"http://localhost/compras/unidmedida/inserir","name":"API_Inserir","description":"","method":"POST","body":{"mimeType":"application/json","text":"{\n\t\"sigla\":\"\",\n\t\"descricao\":\"\",\n\t\"usuarioLogin\":\"\"\n}"},"parameters":[],"headers":[{"name":"Content-Type","value":"application/json"},{"name":"User-Agent","value":"insomnia/10.0.0"}],"authentication":{},"metaSortKey":-1727741945991,"isPrivate":false,"settingStoreCookies":true,"settingSendCookies":true,"settingDisableRenderRequestBody":false,"settingEncodeUrl":true,"settingRebuildPath":true,"settingFollowRedirects":"global","_type":"request"},{"_id":"env_99d30891da4bdcebc63947a8fc17f076de878684","parentId":"wrk_scratchpad","modified":1724860478778,"created":1724860478778,"name":"Base Environment","data":{},"dataPropertyOrder":null,"color":null,"isPrivate":false,"metaSortKey":1724860478778,"_type":"environment"},{"_id":"jar_99d30891da4bdcebc63947a8fc17f076de878684","parentId":"wrk_scratchpad","modified":1724860478780,"created":1724860478780,"name":"Default Jar","cookies":[],"_type":"cookie_jar"}]}